wav_path|speaker_id|text|style_prompt
wavs/debi_taunt_2_01_01.wav|debi|셋줄게, 도망쳐봐|[excited]
wavs/debi_moveingasstation_2_01_012.wav|debi|여기엔 사람이 살았었어|[calm]
wavs/debi_moveinstream_3_01_01.wav|debi|집 근처에, 그치?|[calm]
wavs/debi_moveincemetery_3_01_01.wav|debi|그 좋은 곳이란데 나는 못 가겠지?|[calm]
wavs/debi_moveinarchery_3_01_01.wav|debi|그거 들기만 해봐|[calm]
wavs/debi_taunt_piolo_01.wav|debi|실력은 좋은데 앞뒤로 꽉 막혔네 좀... 허름해 보이기도 하고|[excited]
wavs/debi_craftrare_1_01_01.wav|debi|잘 안되네|[excited]
wavs/debi_airsupply_3_011.wav|debi|찾던 거 있어?|[calm]
wavs/debi_selected_1_01_01.wav|debi|각오 단단히 해!|[calm]
wavs/debi_skillq2_01.wav|debi|마음에 들어?|[excited]
wavs/debi_exitsuccess_3_01.wav|debi|시시해서 먼저 나간다 니들끼리 잘 굴러봐|[excited]
wavs/debi_battleareaentrance_1_01.wav|debi|이딴거로 전장이니 뭐니 소란 떨면 안 창피한가?|[calm]
wavs/debi_collect_fishriver_1_01.wav|debi|그냥 던지기만 하면 되는 거 아니야?|[happy]
wavs/debi_markhyperloop_1_01.wav|debi|멀리 갈 거면 편하게 가자구|[calm]
wavs/debi_firstmeetally_1_01.wav|debi|동생한테 친구가 생겨서 언니는 기뻐|[calm]
wavs/debi_surrender_1_01.wav|debi|그냥 서로 갈 길 가자, 어?|[sad]
wavs/debi_kill1player_1_01.wav|debi|아직도 안 죽었었네? 운도 좋아|[excited]
wavs/debi_meetalpha_2_01.wav|debi|뭐야, 누가 여기에 깡통을 두고 갔네?|[calm]
wavs/debi_moveinchurch_3_01.wav|debi|눈먼교리만큼 답도 없는 무식이 또 없지|[calm]
wavs/debi_item_closehelm_01_01.wav|debi|이거 앞이 보이기나 해?|[calm]
wavs/debi_moveinpolicestation_1_01.wav|debi|굳이 들어갈 필요는 없지!|[calm]
wavs/debi_markmeteorite_1_01.wav|debi|운석이다!|[calm]
wavs/debi_moveintemple_4_01.wav|debi|그래서 당신네들 신은 뭘 만들었는데?|[calm]
wavs/debi_cctv_1_01.wav|debi|첫 번째 규칙, 어두운 곳을 믿지 말 것|[calm]
wavs/debi_orderping_drink_1_01.wav|debi|목이 타 들어가는데...|[calm]
wavs/debi_calltransferconsole_2_01_01.wav|debi|그냥 뺏는 게 낫지 않아?|[calm]
wavs/debi_cobaltkilldrone_1_01.wav|debi|아 왠파리가|[excited]
wavs/debi_escapeanotherteam_1_01.wav|debi|누가 먼저 탈출했나본데 쉽게 가긴 큰일났네|[calm]
wavs/debi_moveinhotel_1_01_01.wav|debi|보통 이런 곳에 숨더라고|[calm]
wavs/debi_hacking_1_01_01.wav|debi|자신 있는 분야는 따로 있는데|[calm]
wavs/debi_taunt_hyunwoo_01_01.wav|debi|아, 이 동네 애들은 왜 이렇게 싸가지가 없지?|[excited]
wavs/debi_revive_2_01_01.wav|debi|걔부터 찾자구|[happy]
wavs/debi_moverestrictedarea_1_01_01.wav|debi|응? 뭔가 이상한데?|[calm]
wavs/debi_thanks_1_01.wav|debi|이쁜 짓도 할 줄 아네?|[happy]
wavs/debi_loopally_1_01_01.wav|debi|동생이 하나 더 생긴 기분인데?|[calm]
wavs/debi_killalpha_1_01.wav|debi|깡통 안에 뭐가 들어있나 볼까?|[excited]
wavs/debi_moveinstream_4_01_01.wav|debi|지금 걱정해주는 거야?|[calm]
wavs/debi_collect_flower_1_01_01.wav|debi|이런건 취미가 아닌데...|[happy]
wavs/debi_moveinhotel_3_01_01.wav|debi|한숨 푹 자고 나서 할까?|[calm]
wavs/debi_moveinhospital_2_01_01.wav|debi|왜, 들킬까봐?|[calm]
wavs/debi_moveintemple_1_01_01.wav|debi|알았다고 더럽게 구박하네|[calm]
wavs/debi_item_leatherjacket_01.wav|debi|흐흥, 어울리지 않아|[calm]
wavs/debi_accelerationline_1_01.wav|debi|따라올 수 있지!|[excited]
wavs/debi_taunt_lenox_01.wav|debi|도망쳐 나오니까 마음이 편한가 봐? 얼굴에서 빛이 나네|[excited]
wavs/debi_killmonster_2_01.wav|debi|마음에 안 드는 짓만 골라 시키네|[excited]
wavs/debi_orderping_goal_1_01.wav|debi|어디부터 들릴래?|[calm]
wavs/debi_endplay_3_01.wav|debi|체면이...|[sad]
wavs/debi_weaponskill1_3_01.wav|debi|이제 진짜 조심해야 될 거다|[excited]
wavs/debi_moveinlaboratory_1_01.wav|debi|여긴 급이 안 맞는데... 다른 곳 없어?|[calm]
wavs/debi_moveinforest_3_01_01.wav|debi|사냥감에서 사냥꾼이 된 소감이 어때?|[calm]
wavs/debi_markmoonstone_1_01.wav|debi|문스톤, 필요한 사람 있어?|[calm]
wavs/debi_orderping_waiting_1_01.wav|debi|잠깐, 좀 수상한데?|[calm]
wavs/debi_restrictedareacount10_1_01.wav|debi|야, 야! 지금 남은 시간 보이지? 괜찮은 거야?|[happy]
wavs/debi_trap_2_01_01.wav|debi|흠... 안 내키는데...|[calm]
wavs/debi_craftuncommon_1_01_01.wav|debi|이거 쓸 순 있겠지?|[calm]
wavs/debi_moveinwarehouse_3_01_01.wav|debi|죽었겠지... 굶어서...|[calm]
wavs/debi_moveinsandybeach_3_01_01.wav|debi|바다 본 적 있어?|[calm]
wavs/debi_moveinarchery_2_01_01.wav|debi|비겁한 거야|[calm]
wavs/debi_firstmove_2_01_01.wav|debi|우린 떨어지면 죽거든|[calm]
wavs/debi_taunt_adriana_01.wav|debi|그런 눈 많이 봤지 그래서 너는 뭘 잃었는데?|[excited]
wavs/debi_moveinforest_2_01_01.wav|debi|그 미친놈을 그때 못 봤으면...|[calm]
wavs/debi_kill5player_1_01.wav|debi|발전이 없냐 발전이!|[excited]
wavs/debi_moveinhospital_4_01_01.wav|debi|알콜? 좋지!|[calm]
wavs/debi_moveinsandybeach_3_01_012.wav|debi|그럼 좀 즐겨봐|[calm]
wavs/debi_killedby_01_01.wav|debi|두고 보자!|[sad]
wavs/debi_completefullroute_1_01_01.wav|debi|하아... 드디어 끝났네|[happy]
wavs/debi_moveinharbor_2_01.wav|debi|세상에는 말이야 너희가 상상도 못할 것들이 오고 간다고|[calm]
wavs/debi_skillq3_01.wav|debi|놓칠 거라 생각한 거야?|[excited]
wavs/debi_moveinschool_2_01_01.wav|debi|의지할 때라고는 서로가 전부였는데|[calm]
wavs/debi_moveinarchery_4_01.wav|debi|총이든 활이든 낭만 하나 없다니까|[calm]
wavs/debi_joke_1_01_01.wav|debi|웃긴 얘기 해 줄까?|[happy]
wavs/debi_moveingasstation_3_01_01.wav|debi|그래도 돼?|[calm]
wavs/debi_weaponskill1_2_01.wav|debi|손에 착착 감기는 게 마음에 드는데?|[excited]
wavs/debi_firstmeetally_3_01_01.wav|debi|알아서 잘하겠지|[calm]
wavs/debi_moveinforest_4_01_01.wav|debi|장담하는데 절대 아니야|[calm]
wavs/debi_markbloodsample_1_01.wav|debi|혈액팩이 있어! 보기 드문 거 아니야?|[calm]
wavs/debi_hacking_lost_1_01_01.wav|debi|뭐? 끝이라고?|[calm]
wavs/debi_skillpassive1_01_01.wav|debi|찾는다!|[excited]
wavs/debi_moveingasstation_2_01_01.wav|debi|확실해!|[calm]
wavs/debi_moveinalley_1_01_01.wav|debi|뭐야, 이 눈물나게 익숙한 광경은?|[calm]
wavs/debi_moveinlaboratoryoutside_1_01_01.wav|debi|아 느낌이 쎄한데...|[calm]
wavs/debi_moveinpond_3_01_01.wav|debi|여기 뭔가... 음침하지 않아?|[calm]
wavs/debi_makefood_1_01_01.wav|debi|손재주는 내가 더 좋았지|[happy]
wavs/debi_moveinuptown_1_01.wav|debi|아무리 좋은 집이라도 그 안에 가족이 없으면 외롭더라고|[calm]
wavs/debi_moveinschool_3_01_01.wav|debi|만약에 우리가 평범했다면 말야|[calm]
wavs/debi_craftuncommon_2_01_01.wav|debi|조금만 더 손보면 될 것 같은데|[calm]
wavs/debi_moveinuptown_3_01_01.wav|debi|다 부셔도 된단 말이지?|[calm]
wavs/debi_moveinharbor_1_01_01.wav|debi|내가 예전에 뭘 사고팔았는데|[calm]
wavs/debi_killedcommon_1_01.wav|debi|머리 울려...|[sad]
wavs/debi_skillpassive2_01.wav|debi|이제 좀 알겠어?|[excited]
wavs/debi_item_runningshoes_01_01.wav|debi|심플한 게 최고야|[calm]
wavs/debi_skillr2_01.wav|debi|눈 크게 뜨고 잘 보라구!|[excited]
wavs/debi_moveinforest_1_01.wav|debi|짐승 소리, 바람 소리 밤만 되면 미칠 지경이었지|[calm]
wavs/debi_moveingasstation_1_01.wav|debi|모든 것이 무기고 모든 곳이 전쟁터다 선배가 그랬지|[calm]
wavs/debi_moverestrictedarea_3_01.wav|debi|볼일 다 봤으면 나가자고|[calm]
wavs/debi_moveincemetery_1_01.wav|debi|하, 꼴에 묘지가 있네?|[calm]
wavs/debi_kill14player_1_01_01.wav|debi|누가 더 많이 잡았는지 내기할까?|[excited]
wavs/debi_moveinpond_2_01_01.wav|debi|물에 숨어 있는 놈은 없겠지?|[calm]
wavs/debi_craftlegend_1_01_01.wav|debi|질 것 같은 기분이... 안드는데?|[excited]
wavs/debi_surrender_2_01.wav|debi|나라고 아무한테나 시비 거는 건 아니라고|[sad]
wavs/debi_craftuncommon_3_01_01.wav|debi|더 투자해도 되지 않았나|[calm]
wavs/debi_good_1_01.wav|debi|오~ 꽤하잖아!|[happy]
wavs/debi_rest_1_01_01.wav|debi|잠깐 쉬어도 되지?|[happy]
wavs/debi_marktransferconsle_1_01_01.wav|debi|뭐 좀 사려고 하는데|[calm]
wavs/debi_battleareawin_1_01_01.wav|debi|나한텐 일상이었어|[excited]
wavs/debi_meetwickleline_2_01.wav|debi|뭔 실험을 했길래 몰골이 그 모양이실까?|[calm]
wavs/debi_taunt_1_01.wav|debi|설마 둘이서 덤비다니 비겁하다 이런 말이라도 하려고?|[excited]
wavs/debi_collect_brunch_1_01_01.wav|debi|너랑 잘 맞는 무기네|[happy]
wavs/debi_killedcommon_3_01.wav|debi|아직 움직일 수...|[sad]
wavs/debi_revive_3_01_01.wav|debi|아 성질나 죽겠네!|[happy]
wavs/debi_kill10player_1_01_01.wav|debi|그게 니가 진 이유다|[excited]
wavs/debi_moveinsandybeach_1_01_01.wav|debi|이야, 수영복이라도 챙겨올 걸 그랬나?|[calm]
wavs/debi_moveinfirestation_2_01.wav|debi|참 나, 있을 건 다 있네|[calm]
wavs/debi_moveinpolicestation_4_01_01.wav|debi|잔소리할 시간에 움직여!|[calm]
wavs/debi_trap_1_01.wav|debi|당해본 사람만큼 잘 아는 사람은 없지|[calm]
wavs/debi_findcorpsenemykill_1_01.wav|debi|뭐야, 나만 쏙 빼놓고 시작한 거야?|[calm]
wavs/debi_collect_water_1_01_01.wav|debi|잘난척은|[happy]
wavs/debi_joke_4_01_01.wav|debi|다 들린다|[happy]
wavs/debi_hacking_2_01_01.wav|debi|아, 듬직하기도 해라|[calm]
wavs/debi_loopally_2_01_01.wav|debi|많이 컸네, 내 동생|[calm]
wavs/debi_makedrink_2_01.wav|debi|오, 이거 맛있겠는데?|[happy]
wavs/debi_exitsuccess_1_01.wav|debi|힘 뺄 필요도 없고 좋네! 아쉽긴 하지만|[excited]
wavs/debi_lost_2_01_01.wav|debi|누구한테 하는 말일까?|[sad]
wavs/debi_moveinfactory_1_01.wav|debi|흠... 구린 냄새가 난단 말이지...|[calm]
wavs/debi_orderping_save_1_01.wav|debi|다 쉬었지? 그럼 다시 움직여!|[calm]
wavs/debi_operateradar_1_01_01.wav|debi|어디다 적어놔야 하는 거 아니야?|[calm]
wavs/debi_craftepic_3_01_01.wav|debi|어때?!|[excited]
wavs/debi_skillr4_01_01.wav|debi|결판을 짓자고!|[excited]
wavs/debi_moveintemple_3_01.wav|debi|뭘 이렇게 구겨넣었어? 안그래도 좁아터진 섬에|[calm]
wavs/debi_kill2player_1_01.wav|debi|귀여워 죽겠네|[excited]
wavs/debi_hyperloop_1_01.wav|debi|또타게? 울렁거려서 별론데|[calm]
wavs/debi_moveinwarehouse_2_01_01.wav|debi|이제야 말이 통하네!|[calm]
wavs/debi_collect_stone_1_01_01.wav|debi|방금 건 좀 웃겼다|[happy]
wavs/debi_firstmove_3_01_01.wav|debi|난 이때가 제일 신나더라!|[calm]
wavs/debi_moveinsandybeach_2_01_01.wav|debi|뭐 어때? 기분만 좋은데|[calm]
wavs/debi_lost_1_01_01.wav|debi|이 정도밖에 못하는 거야?|[sad]
wavs/debi_kill4player_1_01.wav|debi|너넨 진짜 안되겠다|[excited]
wavs/debi_moveinpolicestation_3_01_01.wav|debi|농담도 할 줄 아네|[calm]
wavs/debi_completeroute1_1_01_01.wav|debi|하... 이걸 언제다 만드냐...|[happy]
wavs/debi_makefood_2_01.wav|debi|그래도 음식같이 생기긴 했네|[happy]
wavs/debi_craftrare_3_01_01.wav|debi|뭐, 다음에는 더 잘할 수 있겠지|[excited]
wavs/debi_moveinlaboratory_3_01_01.wav|debi|이것봐라, 콧배기도 안 비추네?|[calm]
wavs/debi_moveinfactory_3_01_01.wav|debi|콜록콜록(기침) 아 뭔 먼지가!|[calm]
wavs/debi_cobaltimminentwin_1_01.wav|debi|우릴 만난 게 네 인생 최고의 실수다!|[excited]
wavs/debi_joke_3_01_01.wav|debi|하. 하나도 안 똑같은데?|[happy]
wavs/debi_skillq4_01.wav|debi|도망가려고|[excited]
wavs/debi_lobby_1_01.wav|debi|흥... 시간 끌지 말고 들어와!|[calm]
wavs/debi_lootcorpsselfkill_1_01.wav|debi|제 주인 찾았다 생각해|[calm]
wavs/debi_craftepic_2_01_01.wav|debi|봐봐, 더 잘할 수 있다고 그랬지?|[excited]
wavs/debi_markalpha_1_01.wav|debi|알파가 있네? 먼저 칠까?|[calm]
wavs/debi_sorry_1_01.wav|debi|미안해서 어쩌나|[sad]
wavs/debi_taunt_isol_01.wav|debi|요즘은 학교에서 총 쏘는 법도 알려주나?|[excited]
wavs/debi_killmutant_3_01.wav|debi|이런 거 불법 아니야? 막 해도 돼?|[excited]
wavs/debi_skillw2_01.wav|debi|이야압!|[excited]
wavs/debi_escapebattlemarina_1_01_01.wav|debi|어... 세상에 쉬운 건 없다 이거지?|[calm]
wavs/debi_resurrection_2_01.wav|debi|하아 죽다 살아났네|[happy]
wavs/debi_killwickleline_1_01.wav|debi|박사를 잡았어! 이제 우리가 제일 강한 건가?|[excited]
wavs/debi_targeton_1_01.wav|debi|저거, 우리편으론 안 보이지?|[calm]
wavs/debi_readyultimate_1_01_01.wav|debi|말만해!|[excited]
wavs/debi_escapemovemarina_1_01_01.wav|debi|아무도 없나?|[calm]
wavs/debi_airsupply_2_01.wav|debi|줄 거면 좀 쉽게 열리게 만들면 덧나?|[calm]
wavs/debi_kill12player_1_01.wav|debi|이제 슬슬 재롱도 지겨워지는데|[excited]
wavs/debi_moveinsandybeach_4_01_01.wav|debi|싸울 생각만 하는구만|[calm]
wavs/debi_moveinchurch_1_01_01.wav|debi|짜증나는 기억이 떠올랐어|[calm]
wavs/debi_highlyplaced_2_01.wav|debi|아니, 아직 더 할 수 있다니까?|[calm]
wavs/debi_moveinalley_3_01.wav|debi|여러 명 상대하기에 이만한 곳이 없지|[calm]
wavs/debi_taunt_4_01_01.wav|debi|그럼 난 쉬고 있을게|[excited]
wavs/debi_requestitem_1_01.wav|debi|앞만 찾아도 안 보이는데|[calm]
wavs/debi_moveinwarehouse_4_01_01.wav|debi|어릴 때 기억나?|[calm]
wavs/debi_revive_1_01_01.wav|debi|걔 얼굴 기억나?|[happy]
wavs/debi_getrskill_1_01_01.wav|debi|어금니 꽉 물어라|[excited]
wavs/debi_moveinpond_1_01_01.wav|debi|웬일로 마음이 맞네|[calm]
wavs/debi_weaponskill1_1_01.wav|debi|이제 좀 쓸만하겠네|[excited]
wavs/debi_moveinstream_1_01_01.wav|debi|세수라도 할까?|[calm]
wavs/debi_moveinhospital_1_01_01.wav|debi|뭔데? 나 안 다쳤는데?|[calm]
wavs/debi_item_burgundy47_01_01.wav|debi|가끔 난 네가 제일 무서워|[calm]
wavs/debi_halfsubjectingame_1_01_01.wav|debi|벌써 절반밖에 안 남았다고?|[calm]
wavs/debi_craftepic_1_01_01.wav|debi|이야, 이거 물건인데?|[excited]
wavs/debi_box_2_01.wav|debi|뒤져보면 뭐든 나오겠지|[calm]
wavs/debi_callremotedrone_2_01_01.wav|debi|그냥 이걸로 다 시키면 안 돼?|[calm]
wavs/debi_moveinarchery_1_01.wav|debi|비겁하게 뒤에서 까불대는 게 뭐가 좋다고!|[calm]
wavs/debi_moveinschool_1_01_01.wav|debi|애들이랑 말 섞지 마|[calm]
wavs/debi_completeroute3_1_01_01.wav|debi|늙어 죽겠네|[happy]
wavs/debi_moveinlaboratoryoutside_3_01_01.wav|debi|어떻게 그냥 확 들어가 봐?|[calm]
wavs/debi_victory_2_01.wav|debi|뭐, 이렇게 될 줄 알고 있었잖아?|[excited]
wavs/debi_orderping_gathering_1_01.wav|debi|자 집합!|[calm]
wavs/debi_craftepic_3_01_012.wav|debi|귀여운 구석이 없어요 하여튼|[excited]
wavs/debi_skille3_01_01.wav|debi|내 차례다!|[excited]
wavs/debi_decompositionlegend_1_01_01.wav|debi|마음에 들었는데|[calm]
wavs/debi_highrankingame_1_01.wav|debi|좋아! 이대로만 가자고!|[calm]
wavs/debi_item_rockersjacket_01_01.wav|debi|아가야, 이런 게 패션이란거란다|[calm]
wavs/debi_kill11player_1_01.wav|debi|쓸데없는 동작이 너무 많아|[excited]
wavs/debi_skille4_01_01.wav|debi|가볼까?|[excited]
wavs/debi_bonfire_2_01_01.wav|debi|쉬는 것도 중요하지~|[happy]
wavs/debi_craftlegend_2_01_01.wav|debi|멀리도 보시네|[excited]
wavs/debi_moveinuptown_4_01_01.wav|debi|한때는 이런 곳에서 걱정 없이 사는 게 꿈이었지|[calm]
wavs/marlene_revive_2_01_01.wav|marlene|이번엔 안져.|[happy]
wavs/marlene_skille1_01_01.wav|marlene|보여줄게|[excited]
wavs/marlene_moveinuptown_2_01.wav|marlene|어디까지나 수단일 뿐이지 목적이 되면 안돼|[calm]
wavs/marlene_moveinhotel_2_01_01.wav|marlene|숨을 곳이 많아 주의해|[calm]
wavs/marlene_killedby_01_01.wav|marlene|다음에는...|[sad]
wavs/marlene_moveinarchery_2_01_01.wav|marlene|활과 화살, 전략적인 무기야|[calm]
wavs/marlene_collect_water_1_01_01.wav|marlene|식수 확보는 중요해|[happy]
wavs/marlene_moveinuptown_3_01_01.wav|marlene|관리가 전혀 안 돼 있어|[calm]
wavs/marlene_moveingasstation_4_01.wav|marlene|오래 있기 불안한 장소야|[calm]
wavs/marlene_item_rockersjacket_01_01.wav|marlene|비효율적이야|[calm]
wavs/marlene_moveinsandybeach_4_01_01.wav|marlene|기동전은 안되겠어|[calm]
wavs/marlene_highlyplaced_1_01.wav|marlene|계산에 조금 착오가 있었나?|[calm]
wavs/marlene_taunt_3_01.wav|marlene|큰 소리 내지 마, 약해 보이니까|[excited]
wavs/marlene_moveinschool_3_01_01.wav|marlene|만약은 없어|[calm]
wavs/marlene_moveinstream_3_01_01.wav|marlene|이만한 개울이 있었어|[calm]
wavs/marlene_moveinsandybeach_1_01_01.wav|marlene|제발 조용히... 하... 됐다|[calm]
wavs/marlene_item_vitalsignsensor_01_01.wav|marlene|뭐가 그렇게 무서워?|[calm]
wavs/marlene_surrender_3_01.wav|marlene|무의미한 싸움은 안 해|[sad]
wavs/marlene_moveinchurch_1_01_01.wav|marlene|마찬가지야|[calm]
wavs/marlene_getrskill_1_01_01.wav|marlene|함께 싸울 준비가 됐어|[excited]
wavs/marlene_moveintemple_1_01_01.wav|marlene|막 건들지 마|[calm]
wavs/marlene_moveinlaboratory_4_01.wav|marlene|비워져 있는 건가? 역시...|[calm]
wavs/marlene_moveinlaboratory_2_01.wav|marlene|계약에 추가할 항목이 있는데|[calm]
wavs/marlene_moveinhospital_4_01_01.wav|marlene|알콜이 보이면 말해|[calm]
wavs/marlene_escapemovemarina_1_01_01.wav|marlene|끝까지 경계 풀지 마|[calm]
wavs/marlene_escapebattlemarina_1_01_01.wav|marlene|시간 없어 빨리 끝내|[calm]
wavs/marlene_moveinschool_4_01.wav|marlene|즐거운 기억이 없기에 더 그리울 수도|[calm]
wavs/marlene_firstmove_2_01_01.wav|marlene|말그대로|[calm]
wavs/marlene_orderping_gathering_1_01.wav|marlene|이곳엔 모여!|[calm]
wavs/marlene_craftepic_3_01_01.wav|marlene|당연한 결과야|[excited]
wavs/marlene_makedrink_1_01.wav|marlene|시간이 있을 때 미리 만들어둬야 해|[happy]
wavs/marlene_surrender_4_01.wav|marlene|상대할 이유가 없어|[sad]
wavs/marlene_moveinlaboratory_3_01_01.wav|marlene|숨기는 게 있는 거지|[calm]
wavs/marlene_orderping_waiting_1_01.wav|marlene|잠깐 멈춰|[calm]
wavs/marlene_bonfire_1_01_01.wav|marlene|잠깐만이야|[happy]
wavs/marlene_taunt_yuki_01.wav|marlene|니가 든 검 점점 무거워질 거야|[excited]
wavs/marlene_completefullroute_1_01_01.wav|marlene|이제 시작인거야|[happy]
wavs/marlene_moveinfirestation_1_01.wav|marlene|사이렌 소리는 지겹도록 들었어|[calm]
wavs/marlene_moveinhospital_2_01_01.wav|marlene|병원엔 많이 안 갔어|[calm]
wavs/marlene_craftrare_1_01_01.wav|marlene|아직 숙련도가 부족해|[excited]
wavs/marlene_orderping_food_1_01.wav|marlene|칼로리가 높은게 필요해|[calm]
wavs/marlene_craftuncommon_1_01_01.wav|marlene|어딘가에는 쓰이겠지|[calm]
wavs/marlene_moveinlaboratoryoutside_2_01.wav|marlene|이질적인 장소... 여기가 틀림없네|[calm]
wavs/marlene_skillpassive1_01_01.wav|marlene|추적하고|[excited]
wavs/marlene_moveinfactory_4_01.wav|marlene|기계가 돌아가지 않는다면 무슨 소용이지?|[calm]
wavs/marlene_taunt_tazia_01.wav|marlene|예술에 대한 열정은 알겠는데 그 집착은 이해 못 하겠군|[excited]
wavs/marlene_callremotedrone_2_01_01.wav|marlene|생각 없이 살아서 좋겠어|[calm]
wavs/marlene_killomega_1_01.wav|marlene|손해보진 않았네|[excited]
wavs/marlene_taunt_4_01_01.wav|marlene|혼자 해도 되겠어|[excited]
wavs/marlene_endplay_2_01.wav|marlene|계획이 다른데?|[sad]
wavs/marlene_weaponskill1_3_01.wav|marlene|변수는 없었어 우리가 제일 강할 뿐|[excited]
wavs/marlene_hacking_lost_1_01_01.wav|marlene|어디서부터 예측이 틀렸지?|[calm]
wavs/marlene_loopally_1_01_01.wav|marlene|무슨 뜻이지?|[calm]
wavs/marlene_marksercurityconsole_1_01.wav|marlene|가장 가까운 사람이 누구지?|[calm]
wavs/marlene_loopally_2_01_01.wav|marlene|멍청이가 하나 더 있네|[calm]
wavs/marlene_craftepic_1_01_01.wav|marlene|확실히 쓸만하겠네|[excited]
wavs/marlene_skillq2_01.wav|marlene|도망갈 수 없어|[excited]
wavs/marlene_moveinhospital_3_01_01.wav|marlene|자랑이다|[calm]
wavs/marlene_kill1player_2_01.wav|marlene|형편 없네|[excited]
wavs/marlene_moveinhospital_2_01_012.wav|marlene|다칠 일이 없었으니까|[calm]
wavs/marlene_markforcecore_1_01.wav|marlene|여기 포스코어, 가져가는 게 좋겠어|[calm]
wavs/marlene_hyperloop_2_01.wav|marlene|매스껍지만 않으면 자주 쓸텐데...|[calm]
wavs/marlene_moveinalley_1_01_01.wav|marlene|아예 여기서 살지 그래|[calm]
wavs/marlene_lootcorpsenemykill_1_01.wav|marlene|필요한 것만 챙겨서 빠지자|[calm]
wavs/marlene_weaponskill1_1_01.wav|marlene|아직 미숙해|[excited]
wavs/marlene_moveinfactory_2_01.wav|marlene|기계를 보면 대충 뭘 만들었는지 알 수 있어|[calm]
wavs/marlene_skillr3_01_01.wav|marlene|준비됐지?|[excited]
wavs/marlene_craftlegend_3_01_01.wav|marlene|우위를 가질 확률이 높아졌어|[excited]
wavs/marlene_killmonster_1_01.wav|marlene|변수가 생길 일을 없앨 뿐이야|[excited]
wavs/marlene_moveinlaboratoryoutside_1_01_01.wav|marlene|안 좋은 예감은 보통 맞지|[calm]
wavs/marlene_halfsubjectingame_1_01_01.wav|marlene|아직 절반이나 남은 거야|[calm]
wavs/marlene_craftlegend_2_01_01.wav|marlene|생각하던 대로 나와줬네|[excited]
wavs/marlene_moveinwarehouse_3_01_01.wav|marlene|그 아이가 도와주지 않았다면...|[calm]
wavs/marlene_markwickleline_1_01.wav|marlene|박사가 나타났어. 어떻게 할 거야?|[calm]
wavs/marlene_lobby_2_01.wav|marlene|그래봤자 헛수고겠지만...|[calm]
wavs/marlene_targeton_2_02.wav|marlene|방해하지 마|[calm]
wavs/marlene_moveinpond_2_01_01.wav|marlene|찔러 보던가|[calm]
wavs/marlene_calltransferconsole_1_01.wav|marlene|어디서 오는지 알아내면...|[calm]
wavs/marlene_kill13player_1_01.wav|marlene|멍청한 건지 용감한 건지 구분이 안 되는데|[excited]
wavs/marlene_moveinchurch_2_01.wav|marlene|덕분에 머리가 차분해졌어|[calm]
wavs/marlene_collect_stone_1_01_01.wav|marlene|친구들 보러 왔어?|[happy]
wavs/marlene_moveinhotel_3_01_01.wav|marlene|헛소리 좀 그만해|[calm]
wavs/marlene_kill10player_1_01_01.wav|marlene|우리를 둘이라고 생각한 것|[excited]
wavs/marlene_joke_2_01_01.wav|marlene|뭐 하는 거야 지금?|[happy]
wavs/marlene_moveinschool_1_01_01.wav|marlene|무조건 짧게 말해|[calm]
wavs/marlene_box_1_01.wav|marlene|가방 같은 게 있으면 좋을 텐데|[calm]
wavs/marlene_readyultimate_1_01_01.wav|marlene|준비는 됐어|[excited]
wavs/marlene_escapecompletekit_1_01.wav|marlene|본질은 싸움이 아니야. 잊어선 안 돼.|[calm]
wavs/marlene_marktreeoflife_1_01.wav|marlene|생명의 나무야. 필요한 사람이 많을 것 같은데.|[calm]
wavs/marlene_moveintemple_2_01.wav|marlene|현실을 직시해 누군가의 도움을 바라지 마|[calm]
wavs/marlene_kill8player_1_01.wav|marlene|감정에 앞서면 이렇게 되는 거야|[excited]
wavs/marlene_marktransferconsle_1_01_01.wav|marlene|돈은 있고?|[calm]
wavs/marlene_killmutant_2_01.wav|marlene|비슷한 처지일지도|[excited]
wavs/marlene_box_3_01.wav|marlene|이건 쓸 수 있겠어|[calm]
wavs/marlene_moveinwarehouse_2_01_01.wav|marlene|더 이상 누구의 말도 듣지 않겠어|[calm]
wavs/marlene_decompositionlegend_1_01_01.wav|marlene|뭐야? 울어?|[calm]
wavs/marlene_restrictedareastart_1_01.wav|marlene|마지막 금지 구역이야. 미리 자리를 잡는 것도 괜찮겠지.|[happy]
wavs/marlene_thanks_1_01.wav|marlene|도움이 됐어|[happy]
wavs/marlene_taunt_hart_01.wav|marlene|허황된 이상은 좌절감만 증폭시킬 뿐이야|[excited]
wavs/marlene_markomega_1_01.wav|marlene|오메가는 저기에 있어|[calm]
wavs/marlene_targeton_2_01.wav|marlene|방해하지 마|[calm]
wavs/marlene_moveinstream_1_01_01.wav|marlene|좋은 생각이야|[calm]
wavs/marlene_moveinalley_4_01.wav|marlene|시야가 막혀 매복이 있을 수도|[calm]
wavs/marlene_marksupplybox_1_01_01.wav|marlene|비어있을지도 몰라|[calm]
wavs/marlene_moveinharbor_3_01.wav|marlene|파도소리에 발소리가 묻혀. 조심해.|[calm]
wavs/marlene_markmonster_1_01.wav|marlene|여기 뭔가 얻을 수 있을지도|[calm]
wavs/marlene_moveinstream_4_01_01.wav|marlene|바닥이 미끄러우니 조심해|[calm]
wavs/marlene_killmonster_3_01.wav|marlene|낭비할 감정 같은 거 없어 시간은 더 없고|[excited]
wavs/marlene_moveinforest_3_01_01.wav|marlene|유쾌하지만은 않네|[calm]
wavs/marlene_kill3player_1_01.wav|marlene|망설임은 적일 뿐|[excited]
wavs/marlene_moveinalley_2_01.wav|marlene|전술적으로 불리한 곳이야. 벗어나야겠어.|[calm]
wavs/marlene_accelerationline_2_01.wav|marlene|전술적인 장치네|[excited]
wavs/marlene_meetomega_2_01.wav|marlene|네가 가진 게 필요해|[calm]
wavs/marlene_useemp_1_01.wav|marlene|빛은 많은 걸 제공하지|[calm]
wavs/marlene_rest_1_01_01.wav|marlene|긴장 늦추지 마|[happy]
wavs/marlene_moveinarchery_3_01_01.wav|marlene|후... 무기를 바꿔야 하나|[calm]
wavs/marlene_skillq4_01.wav|marlene|움직이지 마|[excited]
wavs/marlene_moveinharbor_4_01.wav|marlene|후각도 무뎌지는군|[calm]
wavs/marlene_skillr1_01.wav|marlene|더 이상 기회는 없어|[excited]
wavs/marlene_revive_1_01_01.wav|marlene|걱정 마, 확실히 기억해|[happy]
wavs/marlene_exitsuccess_2_01.wav|marlene|소모값이 적은 방법이라 만족스럽네|[excited]
wavs/marlene_sorry_1_01.wav|marlene|계산에 착오가 있었어|[sad]
wavs/marlene_completeroute1_1_01_01.wav|marlene|징징대지 마|[happy]
wavs/marlene_battleareawin_1_01_01.wav|marlene|한 발 앞섰네|[excited]
wavs/marlene_skillq3_01.wav|marlene|헛수고야|[excited]
wavs/marlene_cctv_2_01.wav|marlene|시야는 많은 것을 제공하지|[calm]
wavs/marlene_moverestrictedarea_2_01.wav|marlene|우회할 곳을 찾아야겠어|[calm]
wavs/marlene_moveinpolicestation_3_01_01.wav|marlene|괜찮아? 얼굴이 창백한데|[calm]
wavs/marlene_moveinfirestation_3_01.wav|marlene|지나치게 인위적인데|[calm]
wavs/marlene_collect_potato_1_01.wav|marlene|비상시는 항상 미리 준비해 두는 거야.|[happy]
wavs/marlene_taunt_estelle_01.wav|marlene|누굴 지키려거든 본인부터 강해지는 게 어때?|[excited]
wavs/marlene_moveingasstation_3_01_01.wav|marlene|할 말 있으면 빨리 해|[calm]
wavs/marlene_skillr4_01_01.wav|marlene|피할 수 없어|[excited]
wavs/marlene_firstmove_3_01_01.wav|marlene|하... 머리가 아파오기 시작하네|[calm]
wavs/marlene_orderping_save_1_01.wav|marlene|일어나, 아직 쉴 때가 아니야|[calm]
wavs/marlene_craftuncommon_2_01_01.wav|marlene|그럴 시간 없어|[calm]
wavs/marlene_moveinfirestation_4_01.wav|marlene|구호물품? 바라지도 않아|[calm]
wavs/marlene_moveinlaboratoryoutside_3_01_01.wav|marlene|아니, 잠깐 기다려|[calm]
wavs/marlene_resurrection_3_01.wav|marlene|혼자 할 수 있었어|[happy]
wavs/marlene_hacking_2_01_01.wav|marlene|쉽지 않다고 했지 못한다고는 안 했어|[calm]
wavs/marlene_joke_4_01_01.wav|marlene|너무 이성적이라고? 너도 저런 언니 둬봐|[happy]
wavs/marlene_craftepic_2_01_01.wav|marlene|거짓말은 아니네|[excited]
wavs/marlene_weaponskill1_2_01.wav|marlene|얼추 감은 잡았어|[excited]
wavs/marlene_moveincemetery_2_01.wav|marlene|죽으면 끝인거야 아무것도 없어 위선자들|[calm]
wavs/marlene_taunt_adela_01.wav|marlene|전에 못 끝낸 체스, 지금 끝나자.|[excited]
wavs/marlene_completeroute3_1_01_01.wav|marlene|신중히 만들어야 해|[happy]
wavs/marlene_moverestrictedarea_1_01_01.wav|marlene|나갈 때가 됐던 거지|[calm]
wavs/marlene_operateradar_1_01_01.wav|marlene|괜찮아, 다 외웠어|[calm]
wavs/marlene_cobaltimminentlose_1_01.wav|marlene|포기하던가 아니면 끝까지 발악하던가|[sad]
wavs/marlene_moveingasstation_3_01_012.wav|marlene|아니다, 하지마|[calm]
wavs/marlene_moveincemetery_4_01.wav|marlene|쉽게 편해질 생각 따위 없어|[calm]
wavs/marlene_moveinchurch_4_01.wav|marlene|차라리 나 자신을 믿겠어|[calm]
wavs/marlene_markmythril_1_01.wav|marlene|미스릴이 있어. 활용도가 높은 재료야.|[calm]
wavs/marlene_moveinfactory_3_01_01.wav|marlene|보폭을 줄여|[calm]
wavs/marlene_orderping_drink_1_01.wav|marlene|물이 필요해. 누가 다 마셔버려서|[calm]
wavs/marlene_resurrection_1_01.wav|marlene|재정비를 해야겠어|[happy]
wavs/marlene_completeroute2_1_01_01.wav|marlene|맨몸으로 싸우는 것보다는 나아|[happy]
wavs/marlene_hacking_1_01_01.wav|marlene|그래서 내가 있잖아|[calm]
wavs/marlene_moveincemetery_3_01_01.wav|marlene|그걸 믿어?|[calm]
wavs/marlene_selected_1_01_01.wav|marlene|우린 붙어있을 때 최강이니까|[calm]
wavs/marlene_joke_3_01_01.wav|marlene|이것도 부술래 저것도 부술래|[happy]
wavs/marlene_moveinharbor_1_01_01.wav|marlene|알고 싶지 않아|[calm]
wavs/marlene_moveinsandybeach_3_01_01.wav|marlene|실제로 보는 건 처음이야|[calm]
wavs/marlene_moveinsandybeach_2_01_01.wav|marlene|모래가 신경 쓰이는데|[calm]
wavs/marlene_skillpassive3_01.wav|marlene|빗나갈 리 없어|[excited]
wavs/marlene_craftrare_3_01_01.wav|marlene|사고방식이 틀렸어|[excited]
wavs/marlene_moveinlaboratoryoutside_4_01.wav|marlene|우리 발소리가 너무 크게 들리는데?|[calm]
wavs/marlene_installcamera_1_01.wav|marlene|도움이 될 거야|[calm]
wavs/marlene_moveinhospital_1_01_01.wav|marlene|미리 데뷔해 두자는 거지|[calm]
wavs/marlene_orderping_goal_1_01.wav|marlene|가야할 곳을 말해|[calm]
wavs/marlene_killedcommon_2_01.wav|marlene|끝인가?|[sad]
wavs/marlene_joke_1_01_01.wav|marlene|아니...|[happy]
wavs/marlene_moveinhotel_4_01.wav|marlene|이전엔 평범한 섬이었던 건가?|[calm]
wavs/marlene_taunt_hyunwoo_01_01.wav|marlene|그럴 수밖에...|[excited]
wavs/marlene_makefood_1_01_01.wav|marlene|뭐... 그런 셈쳐|[happy]
wavs/marlene_callremotedrone_1_01.wav|marlene|남은 크레딧이 얼마인지 확인해봐야겠어|[calm]
wavs/marlene_collect_fishsea_1_01.wav|marlene|포인트에 정확히 던져야 해|[happy]
wavs/marlene_trap_2_01_01.wav|marlene|되도록 효과적인 곳에 설치해|[calm]
wavs/marlene_cobaltoccupation_1_01_01.wav|marlene|우위를 유지해야 해|[excited]
wavs/marlene_moveinwarehouse_1_01.wav|marlene|어릴 땐 그냥 울기만 했지|[calm]
wavs/marlene_revive_3_01_01.wav|marlene|분노는 시야를 가릴 뿐이야|[happy]
wavs/marlene_collect_flower_1_01_01.wav|marlene|마찬가지야|[happy]
wavs/marlene_airsupply_1_01.wav|marlene|필요한 게 있었으면 좋겠는데|[calm]
wavs/marlene_item_closehelm_01_01.wav|marlene|쓰나 안 쓰나 똑같을 텐데|[calm]
wavs/marlene_victory_1_01.wav|marlene|최적의 방법을 도출한 결과일 뿐이야|[excited]
wavs/marlene_item_runningshoes_01_01.wav|marlene|움직이기도 좋고|[calm]
wavs/marlene_moveinpolicestation_4_01_01.wav|marlene|저번처럼 혼자 날 뛰면|[calm]
wavs/marlene_moveinschool_2_01_01.wav|marlene|지금이랑 비슷하네|[calm]
wavs/marlene_bonfire_2_01_01.wav|marlene|휴식도 타이밍이 중요해|[happy]
wavs/marlene_markenemysubject_1_01.wav|marlene|적 발견|[calm]
wavs/marlene_collect_brunch_1_01_01.wav|marlene|안 웃겨|[happy]
wavs/debi_kill9player_1_01.wav|debi|야 야야 야 죽었냐?|[excited]
wavs/debi_notreadyultimate_1_01.wav|debi|아직 시간이 더 필요해|[excited]
wavs/debi_endplay_1_01.wav|debi|말도... 안돼...|[sad]
wavs/debi_moveinhotel_2_01_01.wav|debi|그냥 다 때려부수면 알아서 나오던데|[calm]
wavs/debi_orderping_ok_1_01.wav|debi|니예니예|[calm]
wavs/debi_kill7player_1_01.wav|debi|눈치가 없으면 죽어야지|[excited]
wavs/debi_finishenemyteam_1_01.wav|debi|팀워크가 뭔지 이제 알겠지?|[excited]
wavs/debi_craftlegend_3_01_01.wav|debi|좀 더 기뻐해도 된다고|[excited]
wavs/debi_skille1_01_01.wav|debi|준비됐어?|[excited]
wavs/debi_completeroute2_1_01_01.wav|debi|아, 지겨워|[happy]
wavs/debi_marksupplybox_1_01_01.wav|debi|확인하는 게 좋을까?|[calm]
wavs/debi_joke_2_01_01.wav|debi|아무거나 만지지 마~~ 생각 좀 해~~|[happy]
wavs/debi_firstmove_1_01_01.wav|debi|딱 붙어있어, 해결은 내가 할 테니까|[calm]
wavs/debi_moveinhospital_3_01_01.wav|debi|신세 참 많이 졌지|[calm]
wavs/debi_killmutant_1_01.wav|debi|별의별 짓을 다 하는구만|[excited]
wavs/debi_cobaltoccupation_1_01_01.wav|debi|알고 있다구!|[excited]
wavs/debi_item_vitalsignsensor_01_01.wav|debi|심박수가 빠른데|[calm]
wavs/debi_killedbydoppelganger_1_01.wav|debi|너... 누구야?|[sad]
wavs/debi_bonfire_1_01_01.wav|debi|한숨 돌렸다 가자고~ 시간은 충분하니까|[happy]
wavs/debi_orderping_food_1_01.wav|debi|아 굶는건 질색인데|[calm]
wavs/debi_moveinstream_2_01_01.wav|debi|어? 개구리다!|[calm]
wavs/marlene_firstmeetally_3_01_01.wav|marlene|실수는 용납하네|[calm]
wavs/marlene_moveinpond_4_01.wav|marlene|수질이 별론데 마실 순 없겠어|[calm]
wavs/marlene_cobaltkilldrone_2_01.wav|marlene|이거론 턱도 없이 부족해|[excited]
wavs/marlene_moveinuptown_4_01_01.wav|marlene|꿈도 크네...|[calm]
wavs/marlene_markbattlearea_1_01.wav|marlene|전장에서 나오는 보상이 필요해|[calm]
wavs/marlene_moveinforest_4_01_01.wav|marlene|도망치는 게 더 나았을까?|[calm]
wavs/marlene_calltransferconsole_2_01_01.wav|marlene|하... 사고회로가 어떻게 된 건지...|[calm]
wavs/marlene_lost_1_01_01.wav|marlene|실망인데...|[sad]
wavs/marlene_moveinpond_1_01_01.wav|marlene|축축해서 짜증나|[calm]
wavs/marlene_craftuncommon_3_01_01.wav|marlene|최소한의 효율인가?|[calm]
wavs/marlene_kill6player_1_01.wav|marlene|아픈 줄도 모르고 갔겠지|[excited]
wavs/marlene_item_burgundy47_01_01.wav|marlene|피가 묻어도 모르겠네|[calm]
wavs/marlene_lowerrankingame_1_01.wav|marlene|상대적으로 불리해 다른 전략이 필요할지도|[calm]
wavs/marlene_moveinpolicestation_2_01.wav|marlene|무기 같은 걸 찾을 수 있을지도|[calm]
wavs/marlene_moveinwarehouse_4_01_01.wav|marlene|안 날 수가 없지, 너무 끔찍해서|[calm]
wavs/marlene_craftlegend_1_01_01.wav|marlene|이제, 준비는 끝났어|[excited]
wavs/marlene_firstmeetally_2_01.wav|marlene|그쪽은 덜 멍청했으면 좋겠는데|[calm]
wavs/marlene_moveinforest_2_01_01.wav|marlene|우리도 지금 여기 없겠지|[calm]
wavs/marlene_lost_2_01_01.wav|marlene|파트너를 잘못 골랐나?|[sad]
wavs/marlene_markitem_1_01.wav|marlene|필요한 게 이거야?|[calm]
wavs/marlene_airsupply_3_01.wav|marlene|기다려봐|[calm]
wavs/Alex_airSupply1.wav|alex|쓸만한 걸 보급했길 바랄 뿐이죠.|[calm]
wavs/Alex_airSupply2.wav|alex|열대는 신중을 기하도록 하죠.|[calm]
wavs/Alex_airSupply3.wav|alex|수상한 물건은 안 받는 주의입니다만|[calm]
wavs/Alex_box1.wav|alex|자 열어볼까요?|[calm]
wavs/Alex_box2.wav|alex|단서는 사소한 곳에 숨겨져 있기도 합니다.|[calm]
wavs/Alex_box3.wav|alex|함정은 아니겠죠.|[calm]
wavs/Alex_cctv1.wav|alex|사람들을 찾아보죠.|[calm]
wavs/Alex_cctv1_.wav|alex|자, 어디쯤 있으시려나?|[calm]
wavs/Alex_collect_brunch.wav|alex|어 쓸만한 나뭇가지가 있네요.|[calm]
wavs/Alex_collect_fishRiver.wav|alex|빨리 잡고 이동할 겁니다.|[calm]
wavs/Alex_collect_fishSea.wav|alex|멋진 풍경에서 낚시라... 괜찮은 조합인데요?|[calm]
wavs/Alex_collect_potato.wav|alex|요리라 영 해본 적은 없어서|[calm]
wavs/Alex_collect_stone.wav|alex|주위를 끌기엔 좋겠는데요.|[calm]
wavs/Alex_collect_water.wav|alex|물은 생존의 기본이죠.|[calm]
wavs/Alex_craftEpic1.wav|alex|아, 스스로에게 조금 감탄하던 중이었습니다.|[happy]
wavs/Alex_craftEpic2.wav|alex|자, 망설일 필요가 없군요.|[happy]
wavs/Alex_craftEpic3.wav|alex|얼른 타겟을 찾도록 하죠.|[happy]
wavs/Alex_craftLegend1.wav|alex|이 정도 재능이라니 스스로가 무서울 지경이야.|[happy]
wavs/Alex_craftLegend2.wav|alex|이런... 좀 자랑하고 싶은데?|[happy]
wavs/Alex_craftLegend3.wav|alex|임무까지 앞으로 한 발자국이군요.|[happy]
wavs/Alex_craftRare1.wav|alex|임무 성공률이 높아진 것 같은데요?|[calm]
wavs/Alex_craftRare2.wav|alex|어떻습니까?|[calm]
wavs/Alex_craftRare3.wav|alex|제법인데요?|[calm]
wavs/Alex_craftUncommon1.wav|alex|애써 봤습니다만...|[calm]
wavs/Alex_craftUncommon2.wav|alex|다음엔 더 그럴듯하게 만들겠죠.|[calm]
wavs/Alex_craftUncommon3.wav|alex|없는 것보단 낫죠.|[calm]
wavs/Alex_findCorpsEnemyKill.wav|alex|죽은 자는 말이 없는 법이죠.|[calm]
wavs/Alex_firstMove1.wav|alex|임무 시작합니다.|[calm]
wavs/Alex_firstMove3.wav|alex|자, 임무를 시작해볼까?|[calm]
wavs/Alex_hacking1.wav|alex|실력이 녹슬진 않았으려나?|[calm]
wavs/Alex_hacking2.wav|alex|해커 꼬마보다야 낫겠지만|[calm]
wavs/Alex_hacking_lost.wav|alex|다들 제법인데요?|[calm]
wavs/Alex_highlyPlaced1.wav|alex|이런... 긴장해버렸나?|[excited]
wavs/Alex_highlyPlaced2.wav|alex|나답지 않은 실수를 해버렸네.|[excited]
wavs/Alex_hyperloop1.wav|alex|이건 인상적이군요.|[calm]
wavs/Alex_hyperloop2.wav|alex|자, 타깃은 어디쯤 가고 있으려나?|[calm]
wavs/Alex_joke1.wav|alex|딱히 다른 사람들의 과거를 캐는 취미는 없습니다. 오히려 그 과거들이 저에게 걸어온달까요?|[happy]
wavs/Alex_joke2.wav|alex|번역이란 제2의 창작이죠. 가끔 원작자를 처리하면 모든 문제가 해결될 것 같기도 합니다.|[happy]
wavs/Alex_joke3.wav|alex|어떻게 다른 사람들의 과거를 잘 아냐구요? 글쎄... 궁금한 건 그게 다입니까?|[happy]
wavs/Alex_joke4.wav|alex|총이요? 힘없는 번역가의 자기 방어 수단 같은 거... 라고 하면 믿으시겠습니까?|[happy]
wavs/Alex_killMonster1.wav|alex|별 느낌은 없습니다.|[calm]
wavs/Alex_killMonster2_1.wav|alex|서로 운이 나빴던 걸로 할까요?|[calm]
wavs/Alex_killMonster2_2.wav|alex|서로 운이 나빴던 걸로 할까요?|[calm]
wavs/Alex_killMonster3.wav|alex|이런, 시간을 좀 지체했으려나?|[calm]
wavs/Alex_killPlayer1-1_1.wav|alex|자, 시작할까요?|[excited]
wavs/Alex_killPlayer1-1_2.wav|alex|자, 시작할까요?|[excited]
wavs/Alex_killPlayer1-2.wav|alex|첫 번째 타겟, 제거 완료.|[excited]
wavs/Alex_killPlayer10.wav|alex|10명째군요.|[excited]
wavs/Alex_killPlayer11.wav|alex|지치진 않았습니다. 체력은 가장 중요한 요소죠.|[excited]
wavs/Alex_killPlayer12.wav|alex|오래 살아남느라 고생했습니다.|[excited]
wavs/Alex_killPlayer13.wav|alex|이제서야 죽이게 되더니|[excited]
wavs/Alex_killPlayer14.wav|alex|좋아. 임무 완료.|[excited]
wavs/Alex_killPlayer2.wav|alex|당신 운이 나빴네.|[excited]
wavs/Alex_killPlayer28.wav|alex|임무를 계속하겠습니다.|[excited]
wavs/Alex_killPlayer3.wav|alex|눈에 띈 이상 죽어줘야겠어.|[excited]
wavs/Alex_killPlayer4.wav|alex|배신이라뇨? 처음부터 믿지도 않았는데요.|[excited]
wavs/Alex_killPlayer5.wav|alex|별것 아닙니다.|[excited]
wavs/Alex_killPlayer6.wav|alex|바빠지는군요.|[excited]
wavs/Alex_killPlayer7.wav|alex|전쟁터 에러도 나온 것 같군요.|[excited]
wavs/Alex_killPlayer9.wav|alex|개인적인 감정은 없습니다.|[excited]
wavs/Alex_lootCorpsEnemyKill.wav|alex|쓸만한 물건을 갖고 있길 바라죠.|[calm]
wavs/Alex_lootCorpsSelfKill.wav|alex|이왕이면 살아있는 쪽에 쓰는 게 낫지 않겠습니까?|[calm]
wavs/Alex_lost1.wav|alex|꼴사나운 실수를 해버렸네요.|[sad]
wavs/Alex_lost2.wav|alex|기본적인 것도 눈치채지 못해버렸네요.|[sad]
wavs/Alex_moveInAlley1_1.wav|alex|타깃은 어디쯤 있으려나...|[calm]
wavs/Alex_moveInAlley1_2.wav|alex|타겟은 어디쯤 있으려나...|[calm]
wavs/Alex_moveInAlley2.wav|alex|누굴 만나면 길을 양보하기도 어렵겠는걸요?|[calm]
wavs/Alex_moveInAlley3.wav|alex|타이밍을 노리게 좋은 거리군요.|[calm]
wavs/Alex_moveInArchery1.wav|alex|고정된 타깃으로 연습하는 건 무의미합니다.|[calm]
wavs/Alex_moveInArchery2.wav|alex|활도 다를 줄은 압니다만 굳이 필요할까요?|[calm]
wavs/Alex_moveInArchery3.wav|alex|여기 관역지는 전부 직접 옮기는 식이군요.|[calm]
wavs/Alex_moveInCemetery1.wav|alex|굳이 말하자면 가뭄은 없는 공간입니다만|[calm]
wavs/Alex_moveInCemetery2.wav|alex|항상 죽음을 기억해야 하는 법이죠.|[calm]
wavs/Alex_moveInCemetery3.wav|alex|여러가지 의미로 낯설지는 않은 것입니다.|[calm]
wavs/Alex_moveInChurch1.wav|alex|혼자 생각하기에는 좋아 보입니다만|[calm]
wavs/Alex_moveInChurch2.wav|alex|인간이란 늘 무언가에 의지하고 싶어하죠.|[calm]
wavs/Alex_moveInChurch3.wav|alex|마음의 휴식은 필요하죠. 저는 좀 예외입니다만.|[calm]
wavs/Alex_moveInDowntown1.wav|alex|바쁜 거리였겠어요.|[calm]
wavs/Alex_moveInDowntown2.wav|alex|인파 속에 숨는 게 가장 쉬운 일인데 아쉽네요.|[calm]
wavs/Alex_moveInDowntown3.wav|alex|미리 자리를 좀 잡아둘까요?|[calm]
wavs/Alex_moveInFactory1.wav|alex|이런 곳에 있으면 수상해 보일 텐데...|[calm]
wavs/Alex_moveInFactory2.wav|alex|음, 다치지 않게 조심하는 게 좋겠군요.|[calm]
wavs/Alex_moveInFactory3.wav|alex|초벌번역은 공장작업과 닮은 구석에 있습니다.|[calm]
wavs/Alex_moveInForest1.wav|alex|숲에서도 등 뒤를 조심해야 합니다.|[calm]
wavs/Alex_moveInForest2.wav|alex|조금은 여유로운 것도 좋겠죠.|[calm]
wavs/Alex_moveInForest3.wav|alex|흠... 이런 곳에서 기다려볼까요?|[calm]
wavs/Alex_moveInHarbor1.wav|alex|기다리다 보면 나갈 방법이 생길 리는 당연히 없겠죠.|[calm]
wavs/Alex_moveInHarbor2.wav|alex|자, 괜한 것을 기다리는 어리석은 일은 지향할까?|[calm]
wavs/Alex_moveInHarbor3.wav|alex|이것을 나가는 건 임무를 마친 뒤가 될 겁니다.|[calm]
wavs/Alex_moveInHospital1.wav|alex|약은 많을수록 좋으니까요.|[calm]
wavs/Alex_moveInHospital2.wav|alex|가능하면 병원 신세는 안 지는 게 좋습니다.|[calm]
wavs/Alex_moveInHospital3.wav|alex|몸이 약하다기보다는 머리를 쓸 줄 아는 거죠.|[calm]
wavs/Alex_moveInHotel1.wav|alex|침대라... 조금 그립긴 하네요.|[calm]
wavs/Alex_moveInHotel13.wav|alex|호텔은 첩보 영화의 단골 소재죠. 그냥 그렇다는 말입니다.|[calm]
wavs/Alex_moveInHotel2.wav|alex|바닥에서 자면 온몸이 쑤시긴 하죠.|[calm]
wavs/Alex_moveInLaboratory1.wav|alex|이런 초대를 사양하는 것도 예의가 아니죠.|[calm]
wavs/Alex_moveInLaboratory2.wav|alex|꽤 정중한 방법의 초대로군요.|[calm]
wavs/Alex_moveInLaboratory3.wav|alex|이런, 집주인이 문 잠그는 걸 잊어버린 모양이죠?|[calm]
wavs/Alex_moveInPond1.wav|alex|제법 맑은 물이네요.|[calm]
wavs/Alex_moveInPond2.wav|alex|바이칼 호수에는 오물이란 물고기가 삽니다. 가끔 먹었죠.|[calm]
wavs/Alex_moveInPond3.wav|alex|시원한 바람이군요. 냄새를 감추기 좋겠어요.|[calm]
wavs/Alex_moveInSandyBeach1.wav|alex|이런 곳은 함정을 숨겨놓기 좋겠네요.|[calm]
wavs/Alex_moveInSandyBeach2.wav|alex|이런, 제법 멋진 해변인데요?|[calm]
wavs/Alex_moveInSandyBeach3.wav|alex|다음엔 휴가라도 올까요?|[calm]
wavs/Alex_moveInSchool1.wav|alex|친구라... 굳이 그런 게 필요한가요?|[calm]
wavs/Alex_moveInSchool2.wav|alex|제 과거가 궁금하신가요?|[calm]
wavs/Alex_moveInSchool3.wav|alex|이래봬도 꽤 모범생이었답니다.|[calm]
wavs/Alex_moveInTemple1.wav|alex|정갈한 분위기도 싫어하지는 않습니다만...|[calm]
wavs/Alex_moveInTemple2.wav|alex|머리가 맑아지는 느낌이네요.|[calm]
wavs/Alex_moveInTemple3.wav|alex|이쪽은 개인적으로 흥미가 있긴 합니다.|[calm]
wavs/Alex_moveInUptown1.wav|alex|이거야, 있던 사람들을 다 쫓아낸 모양이군요.|[calm]
wavs/Alex_moveInUptown2.wav|alex|이렇게 텅 비어있다면 타깃을 잡기도 쉽겠네요.|[calm]
wavs/Alex_moveInUptown3.wav|alex|적당한 곳에 들어가 때를 살필까요?|[calm]
wavs/Alex_rest.wav|alex|컨디션을 유지하는 것도 임무에 중요하지.|[calm]
wavs/Alex_selected.wav|alex|임무인가요?|[calm]
wavs/Alex_selected_.wav|alex|준비는 됐습니다.|[calm]
wavs/Alex_surrender1.wav|alex|포기하겠습니다.|[sad]
wavs/Alex_surrender2.wav|alex|살려주십시오.|[sad]
wavs/Alex_surrender3.wav|alex|사람 잘못 보셨습니다.|[sad]
wavs/Alex_surrender4.wav|alex|현장 이탈합니다.|[sad]
wavs/Alex_targetOn1.wav|alex|새로운 타깃이군요.|[calm]
wavs/Alex_targetOn2.wav|alex|타겟 확인했습니다.|[calm]
wavs/Alex_taunt1.wav|alex|오 도망치시는 겁니까?|[excited]
wavs/Alex_taunt2.wav|alex|당신의 약점에 대해서는 별 관심 없습니다. 몰라도 상관없을 정도로 약하니까요.|[excited]
wavs/Alex_taunt3.wav|alex|저는 당신이 지난 여름에 무엇을 했는지 알고 있습니다.|[excited]
wavs/Alex_taunt4.wav|alex|보잘것없는 인생을 사셨군요. 구할 방법도 없구요.|[excited]
wavs/Alex_taunt_Adela.wav|alex|천재가 자만하지 않기는 힘들죠.|[excited]
wavs/Alex_taunt_Aya.wav|alex|그렇게 매번 경계하면 안 피곤합니까?|[excited]
wavs/Alex_taunt_Cathy.wav|alex|맹세 큰데 이곳에 누구도 당신의 환자가 되고 싶진 않을걸요?|[excited]
wavs/Alex_taunt_Jenny.wav|alex|당신의 과거는 심야 드라마 같던걸요?|[excited]
wavs/Alex_taunt_Magnus.wav|alex|힘이 강함에 척다라고 생각하는 멍청이가 아직도 있군요.|[excited]
wavs/Alex_taunt_Nadine.wav|alex|아직 사람과 소통하기는 힘든가 봅니다.|[excited]
wavs/Alex_taunt_Rosalio.wav|alex|야구는 재능과 관리가 정말 중요하다고 하더군요. 아, 전성기도요.|[excited]
wavs/Alex_taunt_Rozzi.wav|alex|당신의 과거에는 흥미가 있습니다.|[excited]
wavs/Alex_taunt_Shoichi.wav|alex|과거에 사로잡힌 건 당신만이 아니니 걱정 마시죠.|[excited]
wavs/Alex_taunt_Sua.wav|alex|매우 인상적인 망치로군요. 책과 망치가 무슨 상관이죠?|[excited]
wavs/Alex_think_1.wav|alex|아...|[calm]
wavs/Alex_think_10.wav|alex|궁금한 점이나 답변 더는 댓글 남겨 주세요.|[calm]
wavs/Alex_think_2.wav|alex|흠...|[calm]
wavs/Alex_think_3.wav|alex|오|[calm]
wavs/Alex_think_4.wav|alex|흠...|[calm]
wavs/Alex_think_5.wav|alex|음?|[calm]
wavs/Alex_think_6.wav|alex|흠...|[calm]
wavs/Alex_think_7.wav|alex|흠...|[calm]
wavs/Alex_think_8.wav|alex|흠...|[calm]
wavs/Alex_think_9.wav|alex|음...|[calm]
wavs/Alex_trap1.wav|alex|누가 당첨되려나?|[calm]
wavs/Alex_trap2.wav|alex|신문이라도 읽으면서 기다려볼까?|[calm]
wavs/Alex_victory1.wav|alex|임무 완료. 복귀하겠습니다.|[excited]
wavs/Alex_victory2.wav|alex|우선은 임무 완료이겠죠?|[excited]
